FeatureID,Name,Formula,MW,KEGG Pathways,Metabolika Pathways,name4plot,C,H,N,O,P,S,F,Cl,H_to_C,O_to_C,NOSC,GFE,DBE,DBE_O,AI,AI_mod,DBE_AI,Class,control_means,treatment_means,ratio,log2FC,pval,pval.adj,Comment,KEGGPathways
Feature0236,MFCD00025555,C9 H18 N2 O3,202.13173,NA,NA,MFCD00025555,9,18,2,3,0,0,0,0,2,0.3333333333333333,-0.666666666666667,79.30000000000001,2,-1,-0.75,-0.2727272727272727,-3,Protein,563493.3509769533,1461918.1770914833,2.594384076683232,1.3753920742345125,0.03286407704792384,0.9970740270056987,Upregulated,NA
